com.webmethods.jms.impl.WmTextMessageImpl[
  headers={
    JMSCorrelationID=0.7238766583671953
    JMSDeliveryMode=Persistent
    JMSDestination=jmsqueue:/alipResponseQueue@eventType=JMS::Queues::alipResponseQueue,sharedState=true,sharedStateOrdering=publisher
    JMSExpiration=0
    JMSMessageID=ID:8456621-64-5014687-2
    JMSPriority=4
    JMSRedelivered=false
    JMSReplyTo=null
    JMSTimestamp=10/6/16 1:52 PM
    JMSType=null
  }
  properties={
    originalFormat=xml
    errorChannel=errorChannel
    timestamp=1475776358213
    JMSXDeliveryCount=1
    siteid=prud01
  }
  body={
<?xml version="1.0" encoding="UTF-8"?>
<ns2:getActorTypesReply xmlns:ns2="http://alip.accenture.com" xmlns:ns3="http://ccl.accenture.com">
   <ns2:getActorTypesResult>
      <ns2:iActorTypeID>0</ns2:iActorTypeID>
      <ns2:sDescription>System Administration</ns2:sDescription>
      <ns2:iLockCount>4</ns2:iLockCount>
      <ns2:iExpDays>100000</ns2:iExpDays>
      <ns2:iPwdExpDays>100000</ns2:iPwdExpDays>
      <ns2:iWarningDays>0</ns2:iWarningDays>
      <ns2:sStylesheet>/style/default/default.css</ns2:sStylesheet>
      <ns2:iOverrideID>1</ns2:iOverrideID>
      <ns2:iDefaultFunctionAccess>1</ns2:iDefaultFunctionAccess>
      <ns2:iDefaultTaskBoxAccess>1</ns2:iDefaultTaskBoxAccess>
      <ns2:iDefaultWorkflow>0</ns2:iDefaultWorkflow>
      <ns2:iVipIndicator>0</ns2:iVipIndicator>
      <ns2:iCategoryTypeID>5</ns2:iCategoryTypeID>
      <ns2:XMLDesc>SA</ns2:XMLDesc>
      <ns2:iSecurityLockout>0</ns2:iSecurityLockout>
      <ns2:bRequiresRegistration>false</ns2:bRequiresRegistration>
      <ns2:sOverrideDirType>Default</ns2:sOverrideDirType>
   </ns2:getActorTypesResult>
   <ns2:getActorTypesResult>
      <ns2:iActorTypeID>4</ns2:iActorTypeID>
      <ns2:sDescription>Super User</ns2:sDescription>
      <ns2:iLockCount>4</ns2:iLockCount>
      <ns2:iExpDays>100000</ns2:iExpDays>
      <ns2:iPwdExpDays>100000</ns2:iPwdExpDays>
      <ns2:iWarningDays>0</ns2:iWarningDays>
      <ns2:sStylesheet>style/default/default.css</ns2:sStylesheet>
      <ns2:iOverrideID>1</ns2:iOverrideID>
      <ns2:iDefaultFunctionAccess>1</ns2:iDefaultFunctionAccess>
      <ns2:iDefaultTaskBoxAccess>1</ns2:iDefaultTaskBoxAccess>
      <ns2:iDefaultWorkflow>0</ns2:iDefaultWorkflow>
      <ns2:iVipIndicator>1</ns2:iVipIndicator>
      <ns2:iCategoryTypeID>4</ns2:iCategoryTypeID>
      <ns2:XMLDesc>SU</ns2:XMLDesc>
      <ns2:iSecurityLockout>0</ns2:iSecurityLockout>
      <ns2:bRequiresRegistration>false</ns2:bRequiresRegistration>
      <ns2:sOverrideDirType>Default</ns2:sOverrideDirType>
   </ns2:getActorTypesResult>
   <ns2:getActorTypesResult>
      <ns2:iActorTypeID>5</ns2:iActorTypeID>
      <ns2:sDescription>System Configurator</ns2:sDescription>
      <ns2:iLockCount>4</ns2:iLockCount>
      <ns2:iExpDays>100000</ns2:iExpDays>
      <ns2:iPwdExpDays>100000</ns2:iPwdExpDays>
      <ns2:iWarningDays>0</ns2:iWarningDays>
      <ns2:sStylesheet>style/default/default.css</ns2:sStylesheet>
      <ns2:iOverrideID>1</ns2:iOverrideID>
      <ns2:iDefaultFunctionAccess>8</ns2:iDefaultFunctionAccess>
      <ns2:iDefaultTaskBoxAccess>1</ns2:iDefaultTaskBoxAccess>
      <ns2:iDefaultWorkflow>0</ns2:iDefaultWorkflow>
      <ns2:iVipIndicator>1</ns2:iVipIndicator>
      <ns2:iCategoryTypeID>5</ns2:iCategoryTypeID>
      <ns2:XMLDesc>SA</ns2:XMLDesc>
      <ns2:iSecurityLockout>0</ns2:iSecurityLockout>
      <ns2:bRequiresRegistration>false</ns2:bRequiresRegistration>
      <ns2:sOverrideDirType>Default</ns2:sOverrideDirType>
   </ns2:getActorTypesResult>
   <ns2:getActorTypesResult>
      <ns2:iActorTypeID>6</ns2:iActorTypeID>
      <ns2:sDescription>Group</ns2:sDescription>
      <ns2:iLockCount>0</ns2:iLockCount>
      <ns2:iExpDays>0</ns2:iExpDays>
      <ns2:iPwdExpDays>0</ns2:iPwdExpDays>
      <ns2:iWarningDays>0</ns2:iWarningDays>
      <ns2:sStylesheet>style/default/default.css</ns2:sStylesheet>
      <ns2:iOverrideID>1</ns2:iOverrideID>
      <ns2:iDefaultFunctionAccess>1</ns2:iDefaultFunctionAccess>
      <ns2:iDefaultTaskBoxAccess>1</ns2:iDefaultTaskBoxAccess>
      <ns2:iDefaultWorkflow>0</ns2:iDefaultWorkflow>
      <ns2:iVipIndicator>0</ns2:iVipIndicator>
      <ns2:iCategoryTypeID>6</ns2:iCategoryTypeID>
      <ns2:XMLDesc>Group</ns2:XMLDesc>
      <ns2:iSecurityLockout>0</ns2:iSecurityLockout>
      <ns2:bRequiresRegistration>false</ns2:bRequiresRegistration>
      <ns2:sOverrideDirType>Default</ns2:sOverrideDirType>
   </ns2:getActorTypesResult>
   <ns2:getActorTypesResult>
      <ns2:iActorTypeID>7</ns2:iActorTypeID>
      <ns2:sDescription>Reinsurer</ns2:sDescription>
      <ns2:iLockCount>4</ns2:iLockCount>
      <ns2:iExpDays>100000</ns2:iExpDays>
      <ns2:iPwdExpDays>100000</ns2:iPwdExpDays>
      <ns2:iWarningDays>0</ns2:iWarningDays>
      <ns2:sStylesheet>style/default/default.css</ns2:sStylesheet>
      <ns2:iOverrideID>1</ns2:iOverrideID>
      <ns2:iDefaultFunctionAccess>1</ns2:iDefaultFunctionAccess>
      <ns2:iDefaultTaskBoxAccess>1</ns2:iDefaultTaskBoxAccess>
      <ns2:iDefaultWorkflow>0</ns2:iDefaultWorkflow>
      <ns2:iVipIndicator>0</ns2:iVipIndicator>
      <ns2:iCategoryTypeID>7</ns2:iCategoryTypeID>
      <ns2:XMLDesc>Reinsurer</ns2:XMLDesc>
      <ns2:iSecurityLockout>0</ns2:iSecurityLockout>
      <ns2:bRequiresRegistration>false</ns2:bRequiresRegistration>
      <ns2:sOverrideDirType>Default</ns2:sOverrideDirType>
   </ns2:getActorTypesResult>
   <ns2:getActorTypesResult>
      <ns2:iActorTypeID>13</ns2:iActorTypeID>
      <ns2:sDescription>Underwriter</ns2:sDescription>
      <ns2:iLockCount>4</ns2:iLockCount>
      <ns2:iExpDays>100000</ns2:iExpDays>
      <ns2:iPwdExpDays>100000</ns2:iPwdExpDays>
      <ns2:iWarningDays>0</ns2:iWarningDays>
      <ns2:sStylesheet>style/default/default.css</ns2:sStylesheet>
      <ns2:iOverrideID>1</ns2:iOverrideID>
      <ns2:iDefaultFunctionAccess>10</ns2:iDefaultFunctionAccess>
      <ns2:iDefaultTaskBoxAccess>2</ns2:iDefaultTaskBoxAccess>
      <ns2:iDefaultWorkflow>0</ns2:iDefaultWorkflow>
      <ns2:iVipIndicator>1</ns2:iVipIndicator>
      <ns2:iCategoryTypeID>9</ns2:iCategoryTypeID>
      <ns2:XMLDesc>Underwriter</ns2:XMLDesc>
      <ns2:iSecurityLockout>0</ns2:iSecurityLockout>
      <ns2:bRequiresRegistration>false</ns2:bRequiresRegistration>
      <ns2:sOverrideDirType>Default</ns2:sOverrideDirType>
   </ns2:getActorTypesResult>
   <ns2:getActorTypesResult>
      <ns2:iActorTypeID>19</ns2:iActorTypeID>
      <ns2:sDescription>New Business Processor</ns2:sDescription>
      <ns2:iLockCount>4</ns2:iLockCount>
      <ns2:iExpDays>100000</ns2:iExpDays>
      <ns2:iPwdExpDays>100000</ns2:iPwdExpDays>
      <ns2:iWarningDays>10</ns2:iWarningDays>
      <ns2:sStylesheet>style/default/default.css</ns2:sStylesheet>
      <ns2:iOverrideID>1</ns2:iOverrideID>
      <ns2:iDefaultFunctionAccess>15</ns2:iDefaultFunctionAccess>
      <ns2:iDefaultTaskBoxAccess>1</ns2:iDefaultTaskBoxAccess>
      <ns2:iDefaultWorkflow>3</ns2:iDefaultWorkflow>
      <ns2:iVipIndicator>0</ns2:iVipIndicator>
      <ns2:iCategoryTypeID>14</ns2:iCategoryTypeID>
      <ns2:XMLDesc>NBP</ns2:XMLDesc>
      <ns2:iSecurityLockout>0</ns2:iSecurityLockout>
      <ns2:bRequiresRegistration>false</ns2:bRequiresRegistration>
      <ns2:sOverrideDirType>Default</ns2:sOverrideDirType>
   </ns2:getActorTypesResult>
   <ns2:getActorTypesResult>
      <ns2:iActorTypeID>1007</ns2:iActorTypeID>
      <ns2:sDescription>Home Office Generic</ns2:sDescription>
      <ns2:iLockCount>4</ns2:iLockCount>
      <ns2:iExpDays>100000</ns2:iExpDays>
      <ns2:iPwdExpDays>100000</ns2:iPwdExpDays>
      <ns2:iWarningDays>0</ns2:iWarningDays>
      <ns2:sStylesheet>style/default/default.css</ns2:sStylesheet>
      <ns2:iOverrideID>1</ns2:iOverrideID>
      <ns2:iDefaultFunctionAccess>20</ns2:iDefaultFunctionAccess>
      <ns2:iDefaultTaskBoxAccess>1</ns2:iDefaultTaskBoxAccess>
      <ns2:iDefaultWorkflow>0</ns2:iDefaultWorkflow>
      <ns2:iVipIndicator>1</ns2:iVipIndicator>
      <ns2:iCategoryTypeID>11</ns2:iCategoryTypeID>
      <ns2:XMLDesc>HOGeneric</ns2:XMLDesc>
      <ns2:iSecurityLockout>0</ns2:iSecurityLockout>
      <ns2:bRequiresRegistration>false</ns2:bRequiresRegistration>
      <ns2:sOverrideDirType>Default</ns2:sOverrideDirType>
   </ns2:getActorTypesResult>
   <ns2:getActorTypesResult>
      <ns2:iActorTypeID>1008</ns2:iActorTypeID>
      <ns2:sDescription>Product Manager</ns2:sDescription>
      <ns2:iLockCount>4</ns2:iLockCount>
      <ns2:iExpDays>100000</ns2:iExpDays>
      <ns2:iPwdExpDays>100000</ns2:iPwdExpDays>
      <ns2:iWarningDays>0</ns2:iWarningDays>
      <ns2:sStylesheet>style/default/default.css</ns2:sStylesheet>
      <ns2:iOverrideID>1</ns2:iOverrideID>
      <ns2:iDefaultFunctionAccess>21</ns2:iDefaultFunctionAccess>
      <ns2:iDefaultTaskBoxAccess>1</ns2:iDefaultTaskBoxAccess>
      <ns2:iDefaultWorkflow>0</ns2:iDefaultWorkflow>
      <ns2:iVipIndicator>1</ns2:iVipIndicator>
      <ns2:iCategoryTypeID>5</ns2:iCategoryTypeID>
      <ns2:entryPage>product/ProductExplorer.jsp</ns2:entryPage>
      <ns2:XMLDesc>ProdMgr</ns2:XMLDesc>
      <ns2:iSecurityLockout>0</ns2:iSecurityLockout>
      <ns2:bRequiresRegistration>false</ns2:bRequiresRegistration>
      <ns2:sOverrideDirType>Default</ns2:sOverrideDirType>
   </ns2:getActorTypesResult>
   <ns2:getActorTypesResult>
      <ns2:iActorTypeID>2</ns2:iActorTypeID>
      <ns2:sDescription>General Agent</ns2:sDescription>
      <ns2:iLockCount>4</ns2:iLockCount>
      <ns2:iExpDays>100000</ns2:iExpDays>
      <ns2:iPwdExpDays>100000</ns2:iPwdExpDays>
      <ns2:iWarningDays>0</ns2:iWarningDays>
      <ns2:sStylesheet>style/default/default.css</ns2:sStylesheet>
      <ns2:iOverrideID>2</ns2:iOverrideID>
      <ns2:iDefaultFunctionAccess>2</ns2:iDefaultFunctionAccess>
      <ns2:iDefaultTaskBoxAccess>0</ns2:iDefaultTaskBoxAccess>
      <ns2:iDefaultWorkflow>2</ns2:iDefaultWorkflow>
      <ns2:iVipIndicator>1</ns2:iVipIndicator>
      <ns2:iCategoryTypeID>2</ns2:iCategoryTypeID>
      <ns2:XMLDesc>GeneralAgent</ns2:XMLDesc>
      <ns2:iSecurityLockout>0</ns2:iSecurityLockout>
      <ns2:bRequiresRegistration>false</ns2:bRequiresRegistration>
      <ns2:sOverrideDirType>Agent</ns2:sOverrideDirType>
   </ns2:getActorTypesResult>
   <ns2:getActorTypesResult>
      <ns2:iActorTypeID>1</ns2:iActorTypeID>
      <ns2:sDescription>Consumer</ns2:sDescription>
      <ns2:iLockCount>4</ns2:iLockCount>
      <ns2:iExpDays>100000</ns2:iExpDays>
      <ns2:iPwdExpDays>100000</ns2:iPwdExpDays>
      <ns2:iWarningDays>0</ns2:iWarningDays>
      <ns2:sStylesheet>style/default/default.css</ns2:sStylesheet>
      <ns2:iOverrideID>3</ns2:iOverrideID>
      <ns2:iDefaultFunctionAccess>3</ns2:iDefaultFunctionAccess>
      <ns2:iDefaultTaskBoxAccess>1</ns2:iDefaultTaskBoxAccess>
      <ns2:iDefaultWorkflow>1</ns2:iDefaultWorkflow>
      <ns2:iVipIndicator>0</ns2:iVipIndicator>
      <ns2:iCategoryTypeID>1</ns2:iCategoryTypeID>
      <ns2:XMLDesc>Consumer</ns2:XMLDesc>
      <ns2:iSecurityLockout>0</ns2:iSecurityLockout>
      <ns2:bRequiresRegistration>false</ns2:bRequiresRegistration>
      <ns2:sOverrideDirType>Consumer</ns2:sOverrideDirType>
   </ns2:getActorTypesResult>
   <ns2:getActorTypesResult>
      <ns2:iActorTypeID>3</ns2:iActorTypeID>
      <ns2:sDescription>Customer Service Rep</ns2:sDescription>
      <ns2:iLockCount>4</ns2:iLockCount>
      <ns2:iExpDays>100000</ns2:iExpDays>
      <ns2:iPwdExpDays>100000</ns2:iPwdExpDays>
      <ns2:iWarningDays>0</ns2:iWarningDays>
      <ns2:sStylesheet>style/default/default.css</ns2:sStylesheet>
      <ns2:iOverrideID>4</ns2:iOverrideID>
      <ns2:iDefaultFunctionAccess>4</ns2:iDefaultFunctionAccess>
      <ns2:iDefaultTaskBoxAccess>1</ns2:iDefaultTaskBoxAccess>
      <ns2:iDefaultWorkflow>3</ns2:iDefaultWorkflow>
      <ns2:iVipIndicator>1</ns2:iVipIndicator>
      <ns2:iCategoryTypeID>3</ns2:iCategoryTypeID>
      <ns2:XMLDesc>CSR</ns2:XMLDesc>
      <ns2:iSecurityLockout>0</ns2:iSecurityLockout>
      <ns2:bRequiresRegistration>false</ns2:bRequiresRegistration>
      <ns2:sOverrideDirType>CSR</ns2:sOverrideDirType>
   </ns2:getActorTypesResult>
</ns2:getActorTypesReply>
  }
]